Date,US,Japan,UK,China,Hong Kong,Canada,France
"Dec 31, 1969",100.000,100.000,100.000,NA,100.000,100.000,100.000
"Jan 30, 1970",92.886,98.486,99.383,NA,105.587,102.493,103.938
"Feb 27, 1970",98.130,99.768,94.182,NA,113.115,107.088,101.171
"Mar 31, 1970",98.729,103.893,96.612,NA,117.773,108.227,100.130
"Apr 30, 1970",90.200,91.389,86.858,NA,118.334,95.896,94.308
"May 29, 1970",85.125,89.027,82.614,NA,115.137,86.828,91.884
"Jun 30, 1970",81.667,90.730,86.466,NA,120.788,91.242,89.812
"Jul 31, 1970",87.823,90.997,89.798,NA,129.612,97.821,95.094
"Aug 31, 1970",91.445,90.094,89.704,NA,135.158,102.311,94.766
"Sep 30, 1970",94.574,89.131,95.070,NA,132.970,109.037,92.184
"Oct 30, 1970",93.910,90.358,94.962,NA,129.165,107.571,93.619
"Nov 30, 1970",99.080,87.839,88.586,NA,135.149,112.744,92.919
"Dec 31, 1970",104.830,88.621,94.235,NA,145.362,115.836,94.830
"Jan 29, 1971",109.712,93.552,94.634,NA,152.572,119.716,99.711
"Feb 26, 1971",110.885,97.927,93.033,NA,145.231,119.574,99.162
"Mar 31, 1971",115.446,106.087,101.160,NA,146.230,124.909,97.337
"Apr 30, 1971",119.987,111.659,112.496,NA,157.685,124.645,97.379
"May 31, 1971",115.381,110.941,116.771,NA,170.784,121.303,102.741
"Jun 30, 1971",116.229,121.637,118.905,NA,207.468,120.632,100.850
"Jul 30, 1971",112.147,122.295,127.017,NA,205.337,120.928,103.788
"Aug 31, 1971",116.828,106.676,128.899,NA,243.702,125.772,100.990
"Sep 30, 1971",115.434,109.670,129.170,NA,257.990,124.729,92.517
"Oct 29, 1971",111.371,103.662,125.963,NA,251.268,118.794,86.607
"Nov 30, 1971",111.897,110.533,129.396,NA,191.517,118.485,92.601
"Dec 31, 1971",118.976,120.039,139.603,NA,234.680,132.233,96.386
"Jan 31, 1972",121.455,127.367,147.454,NA,232.448,138.434,102.747
"Feb 29, 1972",124.948,136.577,156.631,NA,241.072,143.148,109.571
"Mar 31, 1972",126.991,143.362,157.251,NA,253.053,143.490,123.221
"Apr 28, 1972",127.288,151.555,162.391,NA,283.063,144.268,126.640
"May 31, 1972",127.239,164.562,159.362,NA,308.303,152.174,134.174
"Jun 30, 1972",125.054,169.094,144.851,NA,324.697,155.318,129.073
"Jul 31, 1972",124.441,183.603,153.165,NA,353.671,154.899,137.926
"Aug 31, 1972",129.073,188.186,154.264,NA,325.922,165.655,139.114
"Sep 29, 1972",129.375,196.808,137.493,NA,355.849,164.794,137.283
"Oct 31, 1972",131.162,203.127,137.254,NA,457.128,161.460,131.781
"Nov 30, 1972",136.315,238.671,147.078,NA,481.407,169.105,123.151
"Dec 29, 1972",138.685,260.554,145.080,NA,616.171,176.136,120.388
"Jan 31, 1973",135.496,264.619,135.967,NA,720.907,175.909,128.956
"Feb 28, 1973",129.271,251.025,138.001,NA,"1,354.275",172.243,146.231
"Mar 30, 1973",127.862,253.702,138.007,NA,"1,069.798",172.697,154.641
"Apr 30, 1973",123.065,225.680,139.794,NA,618.827,165.355,165.286
"May 31, 1973",121.224,231.102,144.328,NA,631.768,158.983,170.304
"Jun 29, 1973",121.493,234.944,143.828,NA,536.040,162.352,177.086
"Jul 31, 1973",126.387,247.983,133.414,NA,593.188,171.435,166.554
"Aug 31, 1973",122.291,238.223,126.191,NA,509.086,171.090,153.762
"Sep 28, 1973",126.776,225.705,128.342,NA,457.153,176.880,157.477
"Oct 31, 1973",127.435,224.583,133.073,NA,527.766,190.083,160.300
"Nov 30, 1973",114.036,204.377,113.411,NA,447.960,171.856,131.585
"Dec 31, 1973",116.157,193.190,107.374,NA,375.096,170.623,124.956
"Jan 31, 1974",114.282,205.663,103.003,NA,396.302,176.110,125.183
"Feb 28, 1974",114.270,205.444,110.319,NA,337.266,183.034,131.975
"Mar 29, 1974",111.590,199.912,92.803,NA,298.827,178.880,123.558
"Apr 30, 1974",107.411,206.361,100.459,NA,268.995,166.256,118.227
"May 31, 1974",104.200,215.327,90.432,NA,355.050,153.484,113.146
"Jun 28, 1974",102.561,209.656,82.011,NA,354.567,148.290,104.430
"Jul 31, 1974",94.530,198.443,76.970,NA,298.679,150.805,108.371
"Aug 30, 1974",86.081,179.381,65.925,NA,231.594,136.095,95.295
"Sep 30, 1974",76.191,177.842,58.385,NA,189.977,122.336,80.721
"Oct 31, 1974",89.746,164.743,60.741,NA,203.043,135.834,87.863
"Nov 29, 1974",85.702,181.881,51.630,NA,162.309,124.259,90.902
"Dec 31, 1974",84.012,175.008,53.011,NA,162.127,125.190,96.744
"Jan 31, 1975",94.945,182.255,82.917,NA,218.312,144.779,122.701
"Feb 28, 1975",100.942,201.029,105.234,NA,250.029,148.819,125.727
"Mar 31, 1975",103.442,210.244,96.691,NA,264.567,144.666,135.401
"Apr 30, 1975",108.144,210.690,111.863,NA,299.358,146.933,147.987
"May 30, 1975",113.121,209.013,115.791,NA,297.460,150.099,144.591
"Jun 30, 1975",118.595,215.436,97.902,NA,298.734,153.947,135.827
"Jul 31, 1975",110.687,204.781,93.640,NA,280.037,152.762,136.897
"Aug 29, 1975",108.301,196.266,105.995,NA,283.303,151.522,136.509
"Sep 30, 1975",104.554,186.988,104.728,NA,282.299,144.206,126.188
"Oct 31, 1975",111.787,206.224,111.038,NA,289.599,138.041,135.679
"Nov 28, 1975",115.207,209.100,109.175,NA,308.410,149.255,141.817
"Dec 31, 1975",114.104,212.898,114.514,NA,342.399,144.240,140.459
"Jan 30, 1976",127.461,225.155,125.940,NA,411.179,159.993,142.995
"Feb 27, 1976",126.193,225.688,122.030,NA,440.020,168.746,149.885
"Mar 31, 1976",130.651,223.631,114.880,NA,459.787,166.716,139.416
"Apr 30, 1976",129.331,224.964,115.111,NA,429.894,169.767,132.953
"May 31, 1976",127.993,226.799,103.261,NA,408.342,171.032,131.491
"Jun 30, 1976",133.733,235.737,103.561,NA,420.533,170.098,128.465
"Jul 30, 1976",133.060,228.826,100.366,NA,411.298,167.831,118.116
"Aug 31, 1976",132.995,233.170,95.575,NA,423.216,166.473,117.883
"Sep 30, 1976",136.431,233.284,84.822,NA,420.364,164.594,110.572
"Oct 29, 1976",133.951,226.431,73.848,NA,401.431,158.749,102.737
"Nov 30, 1976",133.468,225.732,81.650,NA,422.206,139.042,99.374
"Dec 31, 1976",140.630,257.109,100.155,NA,482.315,158.418,112.159
"Jan 31, 1977",133.864,245.699,109.900,NA,466.990,153.869,110.165
"Feb 28, 1977",131.223,253.321,112.703,NA,457.792,152.727,105.449
"Mar 31, 1977",129.807,246.344,116.615,NA,444.980,154.021,94.955
"Apr 29, 1977",130.303,250.702,120.795,NA,469.515,150.660,93.268
"May 31, 1977",127.953,249.304,124.069,NA,456.781,148.055,98.370
"Jun 30, 1977",134.267,249.141,128.119,NA,461.306,154.383,105.511
"Jul 29, 1977",132.697,245.983,126.350,NA,440.803,153.908,103.217
"Aug 31, 1977",130.304,260.116,141.599,NA,451.911,147.619,111.115
"Sep 30, 1977",130.472,260.080,153.669,NA,439.302,148.458,118.130
"Oct 31, 1977",125.160,251.593,156.462,NA,436.273,138.389,123.828
"Nov 30, 1977",128.508,247.321,148.456,NA,439.579,146.589,118.527
"Dec 30, 1977",129.353,244.235,158.575,NA,427.980,155.357,118.897
"Jan 31, 1978",121.914,256.203,154.567,NA,430.065,144.160,111.938
"Feb 28, 1978",119.291,263.090,146.408,NA,436.565,143.921,114.399
"Mar 31, 1978",122.298,277.257,150.543,NA,478.296,150.507,144.733
"Apr 28, 1978",133.960,276.765,150.445,NA,480.457,153.418,152.256
"May 31, 1978",134.608,277.523,156.963,NA,489.497,162.204,161.030
"Jun 30, 1978",132.576,279.637,155.392,NA,595.585,161.331,159.601
"Jul 31, 1978",140.702,286.774,171.702,NA,626.036,170.436,183.507
"Aug 31, 1978",144.507,282.881,176.685,NA,733.138,173.901,179.292
"Sep 29, 1978",143.978,287.778,179.285,NA,685.257,180.150,206.699
"Oct 31, 1978",131.816,289.473,184.502,NA,719.078,172.071,213.455
"Nov 30, 1978",134.563,294.334,175.954,NA,514.673,182.142,189.815
"Dec 29, 1978",137.066,303.515,181.875,NA,507.410,187.392,206.188
"Jan 31, 1979",143.397,312.838,181.073,NA,567.495,191.860,200.611
"Feb 28, 1979",138.508,302.754,196.983,NA,544.374,196.521,185.881
"Mar 30, 1979",146.444,302.898,227.158,NA,542.832,216.473,198.509
"Apr 30, 1979",146.503,310.458,238.616,NA,540.958,222.574,208.225
"May 31, 1979",143.722,312.703,222.190,NA,560.921,228.583,195.067
"Jun 29, 1979",149.302,311.643,223.621,NA,535.840,244.608,224.722
"Jul 31, 1979",151.002,309.975,225.974,NA,598.544,233.169,225.143
"Aug 31, 1979",158.520,315.818,232.025,NA,589.661,257.014,242.109
"Sep 28, 1979",158.296,326.651,236.697,NA,709.105,273.815,280.587
"Oct 31, 1979",148.176,320.890,212.538,NA,702.733,245.620,248.024
"Nov 30, 1979",154.339,322.804,222.252,NA,795.435,267.619,266.630
"Dec 31, 1979",156.871,329.577,222.375,NA,933.247,285.096,265.638
"Jan 31, 1980",166.343,335.656,246.605,NA,980.542,326.910,284.458
"Feb 29, 1980",164.679,337.824,261.262,NA,976.691,370.653,281.649
"Mar 31, 1980",150.127,328.011,227.408,NA,805.003,288.971,236.677
"Apr 30, 1980",156.657,338.851,246.245,NA,928.112,298.789,262.591
"May 30, 1980",164.213,337.579,248.950,NA,959.125,324.868,279.999
"Jun 30, 1980",169.553,341.106,280.889,NA,"1,131.437",348.641,283.691
"Jul 31, 1980",180.816,338.028,290.931,NA,"1,256.851",363.078,271.963
"Aug 29, 1980",182.070,347.001,298.447,NA,"1,338.060",369.217,278.412
"Sep 30, 1980",186.663,355.954,307.476,NA,"1,316.483",367.060,277.904
"Oct 31, 1980",191.383,366.380,334.848,NA,"1,636.950",356.461,286.561
"Nov 28, 1980",211.350,362.623,329.137,NA,"1,563.273",370.904,281.022
"Dec 31, 1980",204.002,364.828,314.744,NA,"1,611.895",349.551,260.179
"Jan 30, 1981",196.434,376.200,313.342,NA,"1,684.343",346.515,231.178
"Feb 27, 1981",200.605,376.476,303.627,NA,"1,561.480",338.948,233.771
"Mar 31, 1981",207.305,403.655,308.237,NA,"1,433.263",365.138,244.168
"Apr 30, 1981",203.476,440.567,316.461,NA,"1,483.540",357.483,218.693
"May 29, 1981",202.915,446.980,291.442,NA,"1,737.541",370.481,167.990
"Jun 30, 1981",202.518,467.753,279.872,NA,"1,769.993",370.654,155.816
"Jul 31, 1981",204.017,476.683,270.240,NA,"1,663.066",345.834,167.720
"Aug 31, 1981",192.382,475.555,282.463,NA,"1,565.167",346.796,177.017
"Sep 30, 1981",183.347,435.648,232.150,NA,"1,136.300",296.532,183.319
"Oct 30, 1981",192.458,436.129,245.555,NA,"1,194.687",289.296,178.774
"Nov 30, 1981",200.892,438.357,293.288,NA,"1,406.874",327.682,191.605
"Dec 31, 1981",195.580,456.573,281.555,NA,"1,353.379",311.901,185.417
"Jan 29, 1982",193.369,466.346,295.252,NA,"1,338.441",284.711,195.027
"Feb 26, 1982",183.389,445.262,274.122,NA,"1,172.797",262.909,204.503
"Mar 31, 1982",182.399,420.905,278.929,NA,"1,092.957",247.406,190.430
"Apr 30, 1982",190.406,434.546,286.097,NA,"1,283.493",245.613,208.710
"May 31, 1982",184.098,433.625,295.727,NA,"1,402.994",240.828,206.944
"Jun 30, 1982",181.792,425.108,277.196,NA,"1,230.980",208.447,170.838
"Jul 30, 1982",178.554,413.375,287.323,NA,"1,146.508",222.188,166.666
"Aug 31, 1982",200.536,421.460,292.018,NA,999.368,262.130,171.059
"Sep 30, 1982",203.196,418.191,306.003,NA,864.950,258.961,165.069
"Oct 29, 1982",225.851,433.916,311.821,NA,683.065,288.539,165.945
"Nov 30, 1982",234.640,467.611,303.406,NA,648.245,292.974,173.056
"Dec 31, 1982",238.888,485.249,307.920,NA,751.925,319.721,177.860
"Jan 31, 1983",248.474,474.142,303.430,NA,839.121,329.770,184.255
"Feb 28, 1983",253.785,478.388,305.247,NA,960.446,341.995,192.034
"Mar 31, 1983",262.619,499.723,309.664,NA,917.882,350.752,198.744
"Apr 29, 1983",283.293,507.729,353.586,NA,916.287,387.492,206.629
"May 31, 1983",278.964,512.433,364.218,NA,800.047,397.167,209.837
"Jun 30, 1983",289.822,528.989,367.310,NA,848.288,405.784,206.432
"Jul 29, 1983",280.481,539.077,354.219,NA,929.244,408.172,204.811
"Aug 31, 1983",286.262,544.032,351.152,NA,804.439,410.313,211.147
"Sep 30, 1983",290.035,560.371,350.807,NA,590.384,416.146,222.025
"Oct 31, 1983",286.821,553.646,345.030,NA,711.589,392.105,221.635
"Nov 30, 1983",293.048,555.845,360.595,NA,704.423,426.518,230.899
"Dec 30, 1983",291.501,597.557,361.417,NA,730.528,426.654,236.883
"Jan 31, 1984",288.315,633.810,375.790,NA,930.307,406.415,250.027
"Feb 29, 1984",276.421,628.457,391.009,NA,895.998,402.347,256.093
"Mar 30, 1984",281.595,712.160,406.010,NA,862.658,390.410,260.416
"Apr 30, 1984",284.581,705.848,403.674,NA,882.283,380.347,275.142
"May 31, 1984",268.699,631.959,361.925,NA,794.284,364.188,265.346
"Jun 29, 1984",274.478,649.221,364.964,NA,782.371,357.469,258.296
"Jul 31, 1984",272.413,622.415,343.236,NA,699.193,347.012,230.935
"Aug 31, 1984",302.067,668.771,377.921,NA,820.705,397.838,255.562
"Sep 28, 1984",302.595,677.254,371.304,NA,889.066,394.322,253.237
"Oct 31, 1984",304.195,710.843,369.369,NA,901.428,387.353,257.669
"Nov 30, 1984",301.281,720.076,377.129,NA,"1,002.432",387.803,252.238
"Dec 31, 1984",308.921,759.177,382.094,NA,"1,073.815",394.268,249.012
"Jan 31, 1985",333.786,767.127,390.476,NA,"1,233.279",425.941,263.432
"Feb 28, 1985",337.785,805.363,369.881,NA,"1,242.182",408.307,256.559
"Mar 29, 1985",338.745,826.057,428.912,NA,"1,243.372",418.898,288.583
"Apr 30, 1985",338.042,798.520,439.544,NA,"1,371.399",421.277,295.692
"May 31, 1985",359.024,827.422,461.917,NA,"1,448.466",434.659,320.790
"Jun 28, 1985",364.338,852.813,446.570,NA,"1,434.244",432.275,311.676
"Jul 31, 1985",363.296,815.618,502.150,NA,"1,537.088",452.968,318.760
"Aug 30, 1985",360.048,837.764,529.009,NA,"1,508.728",448.156,333.034
"Sep 30, 1985",348.707,845.660,510.430,NA,"1,395.475",420.124,327.862
"Oct 31, 1985",364.583,850.648,565.439,NA,"1,534.576",427.743,357.046
"Nov 29, 1985",389.965,826.896,609.423,NA,"1,586.737",455.563,415.395
"Dec 31, 1985",410.105,870.150,584.666,NA,"1,628.853",457.350,456.223
"Jan 31, 1986",412.709,860.242,585.151,NA,"1,592.965",437.635,496.601
"Feb 28, 1986",443.997,898.085,654.977,NA,"1,606.694",442.956,586.371
"Mar 31, 1986",468.801,"1,078.145",713.805,NA,"1,555.815",482.787,644.150
"Apr 30, 1986",462.301,"1,055.509",755.828,NA,"1,762.478",491.844,724.604
"May 30, 1986",485.082,"1,089.925",693.909,NA,"1,721.420",498.207,627.367
"Jun 30, 1986",491.419,"1,129.637",749.578,NA,"1,677.579",488.763,664.403
"Jul 31, 1986",465.208,"1,200.310",684.963,NA,"1,809.851",466.191,738.912
"Aug 29, 1986",499.603,"1,314.236",727.960,NA,"1,876.593",485.388,817.851
"Sep 30, 1986",457.133,"1,346.694",666.922,NA,"2,031.524",482.026,755.555
"Oct 31, 1986",483.078,"1,237.853",680.634,NA,"2,289.358",492.634,754.940
"Nov 28, 1986",494.433,"1,305.923",705.347,NA,"2,374.491",497.939,811.885
"Dec 31, 1986",481.976,"1,383.352",742.241,NA,"2,542.770",506.676,817.276
"Jan 30, 1987",545.985,"1,547.688",826.657,NA,"2,565.783",578.326,906.371
"Feb 27, 1987",565.593,"1,567.883",926.810,NA,"2,917.566",606.454,925.850
"Mar 31, 1987",580.841,"1,659.734",973.467,NA,"2,778.108",663.601,982.031
"Apr 30, 1987",575.593,"1,849.368","1,038.508",NA,"2,685.874",646.563,988.737
"May 29, 1987",578.843,"1,887.424","1,097.332",NA,"3,016.682",643.554,933.862
"Jun 30, 1987",608.817,"1,783.576","1,135.076",NA,"3,298.402",663.641,876.138
"Jul 31, 1987",637.762,"1,756.408","1,158.618",NA,"3,619.489",720.017,896.137
"Aug 31, 1987",662.893,"1,871.947","1,134.723",NA,"3,780.732",720.146,942.667
"Sep 30, 1987",648.760,"1,861.206","1,192.940",NA,"4,082.716",710.205,883.634
"Oct 30, 1987",511.075,"1,626.979",936.053,NA,"2,309.274",553.785,721.050
"Nov 30, 1987",467.875,"1,617.476",893.852,NA,"2,241.463",540.182,710.500
"Dec 31, 1987",500.821,"1,504.713","1,002.670",NA,"2,438.373",581.004,707.631
"Jan 29, 1988",522.273,"1,668.172",996.090,NA,"2,509.906",573.460,600.122
"Feb 29, 1988",544.140,"1,803.424",992.426,NA,"2,564.146",611.660,726.347
"Mar 31, 1988",525.935,"1,876.005","1,039.869",NA,"2,718.658",639.752,683.159
"Apr 29, 1988",530.765,"1,906.355","1,067.760",NA,"2,785.554",650.398,742.432
"May 31, 1988",535.331,"1,823.306","1,037.128",NA,"2,709.941",626.628,791.847
"Jun 30, 1988",560.250,"1,873.985","1,003.396",NA,"2,931.994",679.827,801.000
"Jul 29, 1988",558.518,"1,946.111","1,013.261",NA,"2,978.439",667.478,779.232
"Aug 31, 1988",539.784,"1,852.437",944.982,NA,"2,736.408",633.001,754.211
"Sep 30, 1988",562.850,"1,904.616",991.239,NA,"2,759.440",646.992,827.846
"Oct 31, 1988",580.103,"1,919.396","1,069.913",NA,"2,974.309",668.837,922.545
"Nov 30, 1988",571.162,"2,039.189","1,081.629",NA,"3,071.420",666.333,941.069
"Dec 30, 1988",580.518,"2,101.438","1,062.360",NA,"3,124.033",685.742,981.203
"Jan 31, 1989",624.690,"2,187.857","1,182.644",NA,"3,563.497",742.717,990.662
"Feb 28, 1989",605.958,"2,176.240","1,151.985",NA,"3,532.432",719.570,969.816
"Mar 31, 1989",619.615,"2,197.375","1,159.321",NA,"3,540.509",728.084,980.711
"Apr 28, 1989",653.282,"2,201.424","1,175.681",NA,"3,701.772",747.867,"1,020.240"
"May 31, 1989",678.503,"2,236.410","1,093.790",NA,"3,280.543",753.645,990.093
"Jun 30, 1989",675.979,"2,141.917","1,102.716",NA,"2,690.030",772.018,"1,011.490"
"Jul 31, 1989",737.954,"2,311.571","1,269.316",NA,"3,051.949",832.128,"1,124.361"
"Aug 31, 1989",749.128,"2,271.803","1,239.780",NA,"2,957.859",845.502,"1,116.964"
"Sep 29, 1989",747.547,"2,334.170","1,233.088",NA,"3,326.158",832.485,"1,181.962"
"Oct 31, 1989",730.628,"2,324.175","1,116.352",NA,"3,304.899",833.041,"1,128.151"
"Nov 30, 1989",745.749,"2,444.117","1,175.952",NA,"3,334.723",841.906,"1,199.264"
"Dec 29, 1989",762.584,"2,460.112","1,294.686",NA,"3,386.138",859.147,"1,342.289"
"Jan 31, 1990",713.133,"2,321.074","1,303.358",NA,"3,284.371",780.431,"1,274.451"
"Feb 28, 1990",723.758,"2,145.422","1,267.809",NA,"3,550.747",782.372,"1,242.392"
"Mar 30, 1990",740.920,"1,834.808","1,231.218",NA,"3,631.871",789.700,"1,323.660"
"Apr 30, 1990",725.864,"1,868.739","1,152.213",NA,"3,606.400",730.926,"1,402.346"
"May 31, 1990",793.009,"2,049.362","1,323.851",NA,"3,880.743",785.046,"1,430.913"
"Jun 29, 1990",790.122,"1,944.528","1,402.623",NA,"4,045.920",782.526,"1,409.945"
"Jul 31, 1990",788.972,"1,850.789","1,463.122",NA,"4,262.023",799.009,"1,423.090"
"Aug 31, 1990",716.853,"1,639.484","1,385.283",NA,"3,781.077",758.652,"1,242.013"
"Sep 28, 1990",683.662,"1,318.344","1,262.254",NA,"3,365.288",725.363,"1,111.369"
"Oct 31, 1990",681.623,"1,539.731","1,364.222",NA,"3,660.848",703.349,"1,234.192"
"Nov 30, 1990",726.455,"1,392.944","1,438.507",NA,"3,652.722",722.692,"1,221.779"
"Dec 31, 1990",746.708,"1,487.170","1,427.961",NA,"3,696.801",754.264,"1,163.036"
"Jan 31, 1991",782.388,"1,482.946","1,482.129",NA,"3,978.895",754.540,"1,208.669"
"Feb 28, 1991",836.520,"1,679.536","1,602.422",NA,"4,381.535",805.338,"1,324.366"
"Mar 29, 1991",856.964,"1,670.761","1,518.404",NA,"4,652.348",804.370,"1,228.048"
"Apr 30, 1991",860.373,"1,667.112","1,498.684",NA,"4,531.184",813.624,"1,194.991"
"May 31, 1991",896.179,"1,675.788","1,508.897",NA,"4,728.066",843.256,"1,241.008"
"Jun 28, 1991",855.168,"1,550.545","1,381.716",NA,"4,714.117",823.095,"1,122.747"
"Jul 31, 1991",895.261,"1,597.869","1,543.373",NA,"5,159.773",836.807,"1,171.563"
"Aug 30, 1991",917.013,"1,502.024","1,583.074",NA,"5,167.258",847.038,"1,244.439"
"Sep 30, 1991",901.496,"1,585.453","1,643.055",NA,"5,098.117",825.521,"1,319.000"
"Oct 31, 1991",917.089,"1,633.991","1,601.540",NA,"5,179.445",862.670,"1,298.812"
"Nov 29, 1991",880.074,"1,504.679","1,526.057",NA,"5,330.668",841.681,"1,266.291"
"Dec 31, 1991",980.630,"1,491.239","1,656.653",NA,"5,527.496",844.947,"1,378.444"
"Jan 31, 1992",964.318,"1,426.558","1,640.157",NA,"6,041.410",856.720,"1,383.291"
"Feb 28, 1992",975.390,"1,348.861","1,621.837",NA,"6,539.848",850.172,"1,439.636"
"Mar 31, 1992",957.436,"1,239.590","1,530.041",NA,"6,542.988",803.927,"1,423.370"
"Apr 30, 1992",985.481,"1,165.486","1,713.076",NA,"7,061.234",793.574,"1,497.691"
"May 29, 1992",989.539,"1,205.620","1,810.915",NA,"8,087.789",798.202,"1,561.777"
"Jun 30, 1992",974.462,"1,080.758","1,742.394",NA,"8,202.000",801.313,"1,540.280"
"Jul 31, 1992","1,015.136","1,078.759","1,677.085",NA,"7,833.492",819.876,"1,476.594"
"Aug 31, 1992",990.832,"1,228.662","1,673.090",NA,"7,483.242",802.436,"1,491.030"
"Sep 30, 1992","1,001.632","1,168.236","1,643.167",NA,"7,431.289",743.556,"1,538.953"
"Oct 30, 1992","1,007.776","1,146.241","1,512.071",NA,"8,374.535",762.562,"1,412.075"
"Nov 30, 1992","1,041.304","1,188.684","1,531.317",NA,"7,747.141",728.627,"1,389.019"
"Dec 31, 1992","1,052.826","1,172.394","1,596.113",100.000,"7,312.055",748.169,"1,425.411"
"Jan 29, 1993","1,062.116","1,168.069","1,561.327",98.880,"7,624.418",734.210,"1,389.427"
"Feb 26, 1993","1,076.114","1,153.469","1,523.247",108.816,"8,409.484",775.500,"1,510.771"
"Mar 31, 1993","1,098.308","1,281.379","1,634.813",97.163,"8,438.180",796.684,"1,580.787"
"Apr 30, 1993","1,074.114","1,457.069","1,683.174",91.806,"9,083.488",825.056,"1,558.850"
"May 31, 1993","1,101.624","1,445.915","1,695.328",86.312,"9,866.020",837.320,"1,519.239"
"Jun 30, 1993","1,105.089","1,406.292","1,677.875",82.306,"9,515.262",831.745,"1,497.311"
"Jul 30, 1993","1,103.940","1,480.690","1,673.054",72.572,"9,339.168",826.085,"1,516.400"
"Aug 31, 1993","1,143.856","1,514.699","1,790.659",84.872,"10,019.950",832.554,"1,648.931"
"Sep 30, 1993","1,132.651","1,457.567","1,770.168",90.584,"10,229.130",792.004,"1,634.984"
"Oct 29, 1993","1,152.626","1,485.903","1,839.640",99.345,"12,605.780",866.506,"1,649.870"
"Nov 30, 1993","1,144.907","1,247.891","1,847.919",107.529,"12,428.160",847.025,"1,599.123"
"Dec 31, 1993","1,158.852","1,317.999","1,986.182",133.693,"15,844.990",885.893,"1,732.749"
"Jan 31, 1994","1,201.082","1,495.319","2,075.306",115.934,"15,251.430",942.203,"1,801.014"
"Feb 28, 1994","1,167.437","1,494.229","1,972.684",109.694,"13,654.560",896.640,"1,767.547"
"Mar 31, 1994","1,117.015","1,411.266","1,840.664",89.675,"12,183.910",858.153,"1,687.742"
"Apr 29, 1994","1,133.025","1,453.487","1,907.568",87.625,"12,235.320",848.952,"1,763.130"
"May 31, 1994","1,152.004","1,531.879","1,807.832",91.682,"13,081.350",859.586,"1,680.894"
"Jun 30, 1994","1,119.778","1,515.297","1,814.115",81.728,"12,021.200",804.282,"1,616.637"
"Jul 29, 1994","1,157.778","1,483.711","1,911.654",91.270,"12,980.810",841.716,"1,777.041"
"Aug 31, 1994","1,203.548","1,493.991","2,021.119",96.520,"13,716.990",889.695,"1,787.044"
"Sep 30, 1994","1,178.293","1,439.760","1,927.851",97.792,"13,133.070",909.901,"1,666.814"
"Oct 31, 1994","1,205.588","1,449.224","2,040.044",94.017,"13,232.090",898.931,"1,726.972"
"Nov 30, 1994","1,164.663","1,404.866","1,951.516",81.768,"11,624.950",849.475,"1,709.188"
"Dec 30, 1994","1,182.011","1,432.944","1,953.823",71.635,"11,265.850",864.359,"1,651.299"
"Jan 31, 1995","1,214.883","1,338.460","1,924.215",61.742,"9,941.957",820.610,"1,613.388"
"Feb 28, 1995","1,263.074","1,245.031","1,935.323",68.820,"11,466.720",866.176,"1,641.124"
"Mar 31, 1995","1,297.222","1,214.956","2,081.291",68.932,"11,759.900",903.395,"1,858.135"
"Apr 28, 1995","1,338.256","1,239.323","2,110.527",61.686,"11,428.090",919.573,"1,877.721"
"May 31, 1995","1,390.833","1,171.285","2,159.658",72.697,"12,933.160",958.240,"1,899.515"
"Jun 30, 1995","1,425.372","1,118.853","2,162.096",71.847,"12,724.840",975.082,"1,868.446"
"Jul 31, 1995","1,474.114","1,252.756","2,283.015",75.431,"12,982.950",992.815,"1,954.579"
"Aug 31, 1995","1,474.553","1,337.917","2,229.176",71.043,"12,553.790",993.952,"1,830.983"
"Sep 29, 1995","1,541.034","1,359.088","2,296.670",67.952,"13,305.280",989.825,"1,797.279"
"Oct 31, 1995","1,540.647","1,330.011","2,294.263",63.741,"13,334.020",981.959,"1,825.707"
"Nov 30, 1995","1,608.724","1,399.061","2,308.149",59.252,"13,370.610","1,019.000","1,817.561"
"Dec 29, 1995","1,633.386","1,494.304","2,369.333",56.509,"13,808.180","1,029.112","1,895.182"
"Jan 31, 1996","1,692.017","1,528.598","2,365.789",65.163,"15,587.930","1,083.024","1,973.007"
"Feb 29, 1996","1,709.998","1,477.059","2,385.123",67.095,"15,414.140","1,073.910","1,996.968"
"Mar 29, 1996","1,727.687","1,553.068","2,372.008",64.010,"15,428.450","1,095.467","2,057.382"
"Apr 30, 1996","1,753.610","1,610.120","2,418.213",60.623,"15,464.080","1,141.137","2,095.442"
"May 31, 1996","1,800.809","1,576.205","2,446.498",63.405,"15,928.250","1,159.711","2,073.044"
"Jun 28, 1996","1,811.811","1,607.958","2,432.221",64.413,"15,559.030","1,128.462","2,111.173"
"Jul 31, 1996","1,732.479","1,494.685","2,449.195",62.161,"14,850.660","1,094.479","2,053.228"
"Aug 30, 1996","1,771.655","1,453.148","2,576.079",61.960,"15,336.850","1,143.894","2,011.734"
"Sep 30, 1996","1,871.283","1,542.095","2,635.710",61.243,"16,383.490","1,189.779","2,123.515"
"Oct 31, 1996","1,919.512","1,469.363","2,760.599",59.739,"17,072.710","1,283.448","2,169.343"
"Nov 29, 1996","2,064.995","1,498.363","2,917.921",66.637,"18,471.010","1,377.418","2,285.227"
"Dec 31, 1996","2,026.293","1,422.795","3,019.034",77.679,"18,375.390","1,330.420","2,308.592"
"Jan 31, 1997","2,165.497","1,326.341","2,930.314",75.954,"17,980.630","1,396.336","2,361.306"
"Feb 28, 1997","2,181.224","1,349.569","3,022.029",78.190,"17,951.340","1,385.783","2,374.112"
"Mar 31, 1997","2,084.009","1,339.030","3,053.945",75.930,"16,760.850","1,316.716","2,448.304"
"Apr 30, 1997","2,221.712","1,422.523","3,110.097",85.960,"17,035.000","1,348.110","2,349.482"
"May 30, 1997","2,347.995","1,450.621","3,252.270",84.990,"19,187.280","1,461.317","2,330.925"
"Jun 30, 1997","2,455.442","1,531.123","3,297.525",86.891,"20,169.660","1,487.599","2,525.582"
"Jul 31, 1997","2,650.060","1,536.163","3,451.818",98.790,"21,429.930","1,584.911","2,570.021"
"Aug 29, 1997","2,493.214","1,425.515","3,395.429",104.617,"18,620.820","1,501.931","2,375.880"
"Sep 30, 1997","2,623.869","1,409.284","3,689.897",87.221,"19,800.240","1,590.105","2,628.186"
"Oct 31, 1997","2,552.820","1,273.325","3,549.853",73.056,"14,085.050","1,515.517","2,453.219"
"Nov 28, 1997","2,676.920","1,268.449","3,567.331",59.832,"13,896.810","1,470.067","2,505.811"
"Dec 31, 1997","2,716.982","1,218.542","3,701.959",58.062,"14,096.480","1,507.809","2,595.003"
"Jan 30, 1998","2,752.480","1,294.529","3,881.810",43.293,"12,132.880","1,481.417","2,688.376"
"Feb 27, 1998","2,946.083","1,296.636","4,151.047",58.655,"14,536.030","1,607.625","2,915.176"
"Mar 31, 1998","3,099.360","1,275.809","4,370.301",57.141,"14,234.910","1,729.323","3,240.971"
"Apr 30, 1998","3,136.193","1,259.157","4,379.813",51.256,"12,729.680","1,738.194","3,347.429"
"May 29, 1998","3,073.750","1,248.095","4,218.125",44.529,"10,992.930","1,717.668","3,522.303"
"Jun 30, 1998","3,206.355","1,267.823","4,283.102",37.586,"10,410.380","1,648.979","3,605.620"
"Jul 31, 1998","3,175.110","1,301.759","4,197.387",30.786,"9,638.961","1,532.267","3,643.219"
"Aug 31, 1998","2,733.618","1,128.022","3,893.325",22.447,"8,994.785","1,198.752","3,226.730"
"Sep 30, 1998","2,913.732","1,058.016","3,813.977",32.146,"10,472.450","1,230.228","3,016.323"
"Oct 30, 1998","3,139.696","1,057.830","4,046.441",35.347,"13,952.140","1,355.300","3,328.902"
"Nov 30, 1998","3,353.374","1,167.041","4,227.301",36.470,"13,928.710","1,405.610","3,539.045"
"Dec 31, 1998","3,551.723","1,112.586","4,360.875",33.463,"13,685.530","1,421.894","3,686.389"
"Jan 29, 1999","3,705.311","1,155.413","4,315.789",27.243,"12,774.700","1,540.284","3,794.455"
"Feb 26, 1999","3,601.942","1,153.274","4,411.594",26.089,"12,901.950","1,453.051","3,546.847"
"Mar 31, 1999","3,751.828","1,310.989","4,549.160",29.634,"14,594.620","1,513.467","3,613.631"
"Apr 30, 1999","3,887.652","1,376.682","4,725.188",37.076,"17,849.690","1,667.953","3,709.413"
"May 31, 1999","3,797.280","1,325.721","4,463.555",37.165,"16,420.130","1,622.609","3,624.219"
"Jun 30, 1999","4,001.631","1,442.388","4,475.277",54.572,"17,990.700","1,690.761","3,734.384"
"Jul 30, 1999","3,872.025","1,504.329","4,543.129",47.756,"17,411.910","1,703.529","3,755.485"
"Aug 31, 1999","3,847.674","1,427.351","4,525.543",47.375,"17,571.460","1,676.499","3,893.108"
"Sep 30, 1999","3,733.527","1,470.286","4,452.508",45.480,"16,869.090","1,725.473","3,934.245"
"Oct 29, 1999","3,977.809","1,503.093","4,582.629",41.808,"17,752.640","1,842.080","4,152.223"
"Nov 30, 1999","4,063.205","1,535.035","4,639.184",41.011,"20,057.480","1,916.881","4,290.379"
"Dec 31, 1999","4,346.656","1,633.177","4,903.813",37.925,"21,831.620","2,195.339","4,780.988"
"Jan 31, 2000","4,113.941","1,634.197","4,454.719",36.270,"20,173.280","2,202.675","4,465.641"
"Feb 29, 2000","4,016.239","1,633.779","4,314.063",29.612,"21,359.110","2,334.680","4,866.922"
"Mar 31, 2000","4,417.242","1,651.310","4,631.973",30.290,"21,933.700","2,543.835","4,921.148"
"Apr 28, 2000","4,274.445","1,609.341","4,438.766",33.149,"19,880.890","2,450.995","4,760.117"
"May 31, 2000","4,161.500","1,521.937","4,288.895",33.741,"17,612.190","2,405.521","4,889.262"
"Jun 30, 2000","4,261.430","1,598.484","4,328.871",38.249,"18,982.180","2,708.193","5,075.426"
"Jul 31, 2000","4,185.348","1,465.029","4,358.262",37.525,"20,271.180","2,790.808","4,994.129"
"Aug 31, 2000","4,403.059","1,518.192","4,404.543",35.998,"20,455.090","3,036.521","4,874.016"
"Sep 29, 2000","4,163.637","1,462.134","4,283.910",31.619,"18,782.580","2,730.337","4,564.715"
"Oct 31, 2000","4,134.066","1,391.914","4,314.238",30.144,"17,525.040","2,492.210","4,456.762"
"Nov 30, 2000","3,807.643","1,353.618","4,060.540",26.130,"16,910.760","2,269.298","4,250.863"
"Dec 29, 2000","3,801.778","1,310.772","4,338.289",26.344,"18,613.260","2,319.254","4,586.855"
"Jan 31, 2001","3,940.799","1,318.846","4,266.840",30.164,"19,155.870","2,432.939","4,595.984"
"Feb 28, 2001","3,588.647","1,270.496","3,984.492",27.412,"18,718.250","2,045.501","4,081.088"
"Mar 30, 2001","3,359.872","1,318.180","3,804.623",22.966,"16,746.420","1,858.976","3,797.308"
"Apr 30, 2001","3,621.650","1,387.748","4,043.333",25.297,"16,741.270","1,991.653","4,138.730"
"May 31, 2001","3,643.445","1,331.590","3,908.827",25.987,"16,551.800","2,028.982","3,878.715"
"Jun 29, 2001","3,560.065","1,314.505","3,775.585",26.844,"15,666.820","1,952.276","3,737.324"
"Jul 31, 2001","3,526.865","1,218.181","3,779.322",23.208,"15,633.130","1,943.584","3,755.895"
"Aug 31, 2001","3,292.648","1,131.797","3,743.486",18.185,"14,557.800","1,838.407","3,627.478"
"Sep 28, 2001","3,040.927","1,027.913","3,497.203",17.566,"12,310.160","1,667.555","3,203.475"
"Oct 31, 2001","3,085.453","1,053.975","3,564.701",18.014,"12,737.740","1,669.882","3,364.088"
"Nov 30, 2001","3,323.252","1,071.623","3,642.407",19.770,"14,414.080","1,823.667","3,463.252"
"Dec 31, 2001","3,344.370","1,063.790","3,728.844",19.836,"15,148.620","1,853.024","3,573.616"
"Jan 31, 2002","3,297.208","1,000.843","3,571.653",17.975,"14,879.960","1,839.669","3,346.798"
"Feb 28, 2002","3,232.827","1,042.813","3,554.423",18.120,"14,301.340","1,820.756","3,375.386"
"Mar 29, 2002","3,353.375","1,092.993","3,718.913",19.142,"15,168.550","1,886.592","3,554.380"
"Apr 30, 2002","3,135.884","1,120.539","3,730.775",19.979,"16,029.230","1,872.031","3,501.528"
"May 31, 2002","3,112.559","1,150.581","3,669.779",20.285,"15,371.770","1,913.117","3,520.247"
"Jun 28, 2002","2,875.354","1,053.359","3,514.789",19.603,"14,442.020","1,805.303","3,422.830"
"Jul 31, 2002","2,668.650",979.375,"3,278.182",18.747,"13,846.860","1,602.597","2,964.666"
"Aug 30, 2002","2,681.354",959.333,"3,243.989",18.382,"13,170.400","1,622.850","2,917.620"
"Sep 30, 2002","2,378.786",941.684,"2,908.199",16.918,"12,230.790","1,492.735","2,470.170"
"Oct 31, 2002","2,594.869",881.707,"3,136.094",17.015,"12,671.020","1,538.213","2,791.179"
"Nov 29, 2002","2,751.065",917.508,"3,230.482",17.719,"13,463.740","1,628.530","2,909.120"
"Dec 31, 2002","2,584.929",865.828,"3,160.764",17.050,"12,454.250","1,616.177","2,829.057"
"Jan 31, 2003","2,522.505",839.638,"2,937.851",17.865,"12,524.880","1,661.775","2,734.665"
"Feb 28, 2003","2,484.112",832.512,"2,890.517",17.420,"12,373.110","1,720.461","2,600.651"
"Mar 31, 2003","2,507.245",798.153,"2,887.721",16.749,"11,733.110","1,698.680","2,504.302"
"Apr 30, 2003","2,716.722",796.471,"3,188.099",16.771,"11,717.090","1,806.891","2,898.567"
"May 30, 2003","2,862.490",837.590,"3,383.795",18.914,"12,716.000","1,962.052","3,112.065"
"Jun 30, 2003","2,897.969",902.904,"3,412.790",20.126,"12,887.140","2,014.730","3,163.250"
"Jul 31, 2003","2,951.784",943.229,"3,434.062",22.121,"13,707.150","2,021.503","3,219.279"
"Aug 29, 2003","3,007.171","1,009.207","3,410.615",23.593,"15,392.020","2,127.623","3,242.851"
"Sep 30, 2003","2,972.457","1,023.930","3,531.194",23.776,"16,253.490","2,164.844","3,256.711"
"Oct 31, 2003","3,142.133","1,053.740","3,771.080",27.389,"16,950.890","2,311.168","3,479.337"
"Nov 28, 2003","3,172.554","1,017.367","3,883.079",27.664,"16,858.920","2,380.493","3,658.977"
"Dec 31, 2003","3,337.410","1,064.608","4,174.039",31.980,"17,199.520","2,510.825","3,989.923"
"Jan 30, 2004","3,397.874","1,070.521","4,161.313",31.774,"18,875.980","2,537.856","4,020.031"
"Feb 27, 2004","3,439.102","1,101.780","4,351.590",33.752,"19,486.320","2,593.580","4,122.309"
"Mar 31, 2004","3,384.481","1,190.334","4,249.559",30.908,"18,321.780","2,581.926","3,975.914"
"Apr 30, 2004","3,332.517","1,194.208","4,219.609",26.870,"17,432.820","2,367.307","3,930.488"
"May 31, 2004","3,376.846","1,154.091","4,311.656",28.715,"17,499.860","2,431.264","4,057.188"
"Jun 30, 2004","3,440.639","1,200.756","4,312.441",28.539,"17,496.580","2,535.426","4,136.504"
"Jul 30, 2004","3,323.490","1,153.801","4,269.551",28.645,"17,732.640","2,538.187","4,008.302"
"Aug 31, 2004","3,340.507","1,144.340","4,294.031",28.763,"18,993.130","2,539.792","4,001.522"
"Sep 30, 2004","3,377.187","1,122.521","4,432.156",30.895,"19,320.190","2,732.967","4,137.531"
"Oct 29, 2004","3,428.833","1,109.844","4,540.133",30.142,"19,254.690","2,905.680","4,309.945"
"Nov 30, 2004","3,569.833","1,126.226","4,833.762",33.176,"21,007.930","3,025.252","4,568.336"
"Dec 31, 2004","3,694.969","1,180.280","4,990.930",32.584,"21,495.320","3,082.727","4,756.828"
"Jan 31, 2005","3,603.494","1,163.955","4,955.195",31.875,"20,603.710","2,960.568","4,678.027"
"Feb 28, 2005","3,678.646","1,197.487","5,195.691",34.236,"21,292.820","3,151.400","4,909.375"
"Mar 31, 2005","3,619.893","1,203.296","5,058.484",32.472,"20,589.060","3,196.434","4,844.703"
"Apr 29, 2005","3,554.490","1,149.926","5,005.289",32.605,"21,459.650","3,023.630","4,635.234"
"May 31, 2005","3,670.690","1,170.526","4,957.898",32.922,"21,491.510","3,090.857","4,748.066"
"Jun 30, 2005","3,679.889","1,202.323","5,036.762",34.296,"22,252.620","3,279.956","4,804.504"
"Jul 29, 2005","3,818.157","1,228.384","5,102.938",36.784,"23,529.290","3,460.132","5,081.066"
"Aug 31, 2005","3,782.703","1,302.610","5,255.766",36.986,"23,283.230","3,665.634","5,095.121"
"Sep 30, 2005","3,815.116","1,466.181","5,348.645",39.161,"24,018.050","3,886.844","5,223.609"
"Oct 31, 2005","3,752.529","1,487.788","5,185.766",35.325,"22,452.930","3,606.843","4,999.395"
"Nov 30, 2005","3,904.158","1,594.616","5,209.148",37.812,"23,080.540","3,802.611","5,085.363"
"Dec 30, 2005","3,906.350","1,707.901","5,359.199",39.025,"23,301.050","3,972.441","5,260.691"
"Jan 31, 2006","4,012.973","1,779.351","5,678.617",44.517,"24,570.000","4,321.594","5,687.398"
"Feb 28, 2006","4,017.045","1,745.599","5,641.918",45.919,"24,613.810","4,243.660","5,624.984"
"Mar 31, 2006","4,068.566","1,823.740","5,803.711",47.386,"24,953.950","4,309.895","5,956.973"
"Apr 28, 2006","4,122.199","1,816.540","6,148.035",49.869,"26,355.100","4,520.332","6,160.039"
"May 31, 2006","4,000.222","1,672.416","6,029.859",47.298,"24,870.860","4,401.320","6,072.695"
"Jun 30, 2006","4,004.709","1,686.446","6,090.125",48.277,"24,937.420","4,332.820","6,142.762"
"Jul 31, 2006","4,018.081","1,678.877","6,229.625",49.558,"25,370.700","4,346.223","6,182.910"
"Aug 31, 2006","4,115.145","1,746.528","6,381.199",50.639,"26,268.410","4,522.473","6,386.520"
"Sep 29, 2006","4,219.906","1,729.859","6,349.195",52.523,"26,518.250","4,387.910","6,443.652"
"Oct 31, 2006","4,364.117","1,746.410","6,666.195",56.147,"27,014.740","4,598.777","6,617.656"
"Nov 30, 2006","4,450.719","1,736.297","6,829.160",62.284,"28,572.040","4,731.957","6,880.469"
"Dec 29, 2006","4,504.773","1,833.354","7,002.590",71.366,"30,373.110","4,701.398","7,124.203"
"Jan 31, 2007","4,586.410","1,876.877","6,991.660",68.341,"30,859.690","4,689.047","7,102.602"
"Feb 28, 2007","4,502.527","1,912.454","6,982.164",67.140,"30,066.090","4,723.750","7,106.508"
"Mar 30, 2007","4,551.223","1,881.379","7,213.816",69.728,"30,535.430","4,855.605","7,325.652"
"Apr 30, 2007","4,746.316","1,867.151","7,533.504",72.352,"31,241.290","5,150.660","7,925.363"
"May 31, 2007","4,912.531","1,934.332","7,662.129",77.803,"31,845.930","5,593.020","8,128.109"
"Jun 29, 2007","4,830.391","1,955.131","7,761.582",86.777,"32,297.610","5,586.465","8,095.059"
"Jul 31, 2007","4,680.875","1,881.992","7,567.207",95.758,"34,552.460","5,573.543","7,810.863"
"Aug 31, 2007","4,751.953","1,778.400","7,504.027",102.657,"34,718.310","5,576.625","7,666.656"
"Sep 28, 2007","4,932.328","1,805.965","7,775.063",123.126,"40,030.340","6,125.070","8,061.727"
"Oct 31, 2007","5,015.449","1,803.331","8,243.383",143.558,"44,424.540","6,700.418","8,370.523"
"Nov 30, 2007","4,803.742","1,703.348","7,800.148",124.156,"42,808.040","5,957.727","8,238.965"
"Dec 31, 2007","4,776.313","1,647.648","7,589.992",118.635,"42,887.870","6,123.023","8,123.605"
"Jan 31, 2008","4,486.438","1,496.488","6,912.164",93.057,"37,892.560","5,734.094","7,144.082"
"Feb 29, 2008","4,346.957","1,475.366","6,940.988",103.088,"37,048.160","6,089.875","7,262.348"
"Mar 31, 2008","4,330.945","1,354.253","6,791.793",90.535,"34,785.640","5,756.992","7,446.223"
"Apr 30, 2008","4,545.316","1,525.273","7,231.355",104.667,"37,622.980","6,165.441","7,786.484"
"May 30, 2008","4,617.844","1,579.466","7,188.590",99.479,"37,416.820","6,635.270","7,992.582"
"Jun 30, 2008","4,241.461","1,477.995","6,738.113",87.403,"33,419.990","6,398.734","7,205.555"
"Jul 31, 2008","4,192.953","1,455.639","6,461.848",89.417,"32,928.140","5,954.125","7,063.902"
"Aug 29, 2008","4,250.383","1,403.440","6,253.980",82.100,"31,169.210","5,839.004","6,817.539"
"Sep 30, 2008","3,860.513","1,219.732","5,325.422",65.361,"25,757.460","5,010.723","5,844.848"
"Oct 31, 2008","3,200.304",962.918,"4,315.691",50.496,"20,277.570","3,660.681","4,534.770"
"Nov 28, 2008","2,964.169",920.889,"4,038.324",52.794,"20,155.250","3,453.988","4,286.691"
"Dec 31, 2008","3,002.603",947.757,"3,922.249",58.337,"20,925.030","3,358.364","4,653.668"
"Jan 30, 2009","2,757.992",875.156,"3,678.291",53.493,"21,019.910","3,241.113","3,990.053"
"Feb 27, 2009","2,475.325",835.422,"3,377.624",51.796,"20,015.760","2,964.089","3,611.338"
"Mar 31, 2009","2,687.433",861.582,"3,503.353",59.114,"20,826.130","3,243.895","3,910.931"
"Apr 30, 2009","2,945.475",940.832,"3,945.008",65.679,"24,338.200","3,696.839","4,432.082"
"May 29, 2009","3,107.532","1,006.884","4,492.219",77.099,"28,741.670","4,482.898","4,996.172"
"Jun 30, 2009","3,114.565","1,035.675","4,435.031",80.283,"28,278.360","4,241.008","4,790.133"
"Jul 31, 2009","3,349.331","1,065.554","4,846.035",88.981,"32,172.930","4,751.086","5,295.988"
"Aug 31, 2009","3,465.820","1,079.232","5,114.242",82.726,"29,893.530","4,683.543","5,716.938"
"Sep 30, 2009","3,600.257","1,024.195","5,256.777",86.594,"32,353.150","5,024.543","6,066.770"
"Oct 30, 2009","3,530.520","1,009.492","5,324.422",92.174,"33,237.960","4,767.141","5,824.313"
"Nov 30, 2009","3,740.563",950.843,"5,479.246",94.438,"32,827.180","5,122.281","6,055.773"
"Dec 31, 2009","3,817.617","1,035.537","5,623.492",94.874,"33,511.890","5,284.785","6,201.516"
"Jan 29, 2010","3,683.695","1,027.540","5,352.883",86.681,"31,305.040","4,895.375","5,743.156"
"Feb 26, 2010","3,797.381","1,018.549","5,275.539",88.582,"32,528.000","5,178.391","5,611.605"
"Mar 31, 2010","4,024.789","1,125.122","5,590.270",93.380,"34,326.460","5,609.730","5,960.414"
"Apr 30, 2010","4,089.279","1,130.250","5,527.426",93.069,"33,494.910","5,692.578","5,659.035"
"May 31, 2010","3,759.572","1,005.978","4,926.277",88.081,"31,364.040","5,303.148","4,942.520"
"Jun 30, 2010","3,559.653",958.262,"4,816.457",89.200,"32,326.630","5,029.582","4,870.797"
"Jul 30, 2010","3,808.436",971.878,"5,400.988",93.097,"34,204.210","5,391.621","5,476.070"
"Aug 31, 2010","3,639.268",920.219,"5,294.324",90.535,"34,565.390","5,288.656","5,144.941"
"Sep 30, 2010","3,970.138",957.960,"5,769.207",98.772,"39,405.260","5,702.258","5,890.152"
"Oct 29, 2010","4,126.480",942.515,"5,996.789",102.617,"40,275.420","5,882.805","6,189.738"
"Nov 30, 2010","4,131.082","1,000.809","5,702.250",100.176,"41,032.200","5,945.566","5,518.625"
"Dec 31, 2010","4,407.355","1,042.850","6,118.445",99.460,"41,298.010","6,405.832","6,001.031"
"Jan 31, 2011","4,513.027","1,054.798","6,239.191",98.943,"41,998.620","6,434.457","6,417.676"
"Feb 28, 2011","4,664.336","1,102.924","6,508.570",97.159,"40,610.240","6,904.168","6,641.867"
"Mar 31, 2011","4,669.887","1,013.951","6,350.078",102.329,"41,128.680","6,905.504","6,635.668"
"Apr 29, 2011","4,812.785",996.290,"6,799.621",103.991,"42,151.520","6,989.738","7,165.840"
"May 31, 2011","4,760.613",981.294,"6,651.898",104.369,"42,387.000","6,778.770","6,936.629"
"Jun 30, 2011","4,679.895",989.821,"6,460.383",100.543,"40,735.620","6,589.676","6,983.973"
"Jul 29, 2011","4,588.742",979.603,"6,464.750",99.716,"41,559.200","6,450.863","6,422.738"
"Aug 31, 2011","4,334.930",891.607,"5,992.633",90.424,"39,024.210","6,223.582","5,733.094"
"Sep 30, 2011","4,023.146",884.513,"5,466.266",75.219,"32,628.610","5,348.254","4,903.613"
"Oct 31, 2011","4,465.152",892.582,"6,125.250",86.624,"36,721.790","5,908.688","5,534.414"
"Nov 30, 2011","4,452.910",849.440,"5,959.914",79.347,"34,015.910","5,751.246","5,205.891"
"Dec 30, 2011","4,495.066",848.934,"5,964.297",81.316,"34,681.100","5,627.016","5,041.043"
